id,image_url,permalink
1,https://us-east-1.tchyn.io/snopes-production/uploads/2018/07/not-the-same-person.jpg?w=960 960w,https://www.snopes.com/fact-check/teenage-daughter-shirt-pregnant/
2,https://us-east-1.tchyn.io/snopes-production/uploads/2018/07/not-maria-butina.jpg?w=738 738w,https://www.snopes.com/fact-check/accused-russian-spy-mariia-butina-photographed-oval-office/
4,https://us-east-1.tchyn.io/snopes-production/uploads/2018/07/bear-photoshop.jpg?w=1539 1539w,https://www.snopes.com/fact-check/bear-attack-photo/
5,https://us-east-1.tchyn.io/snopes-production/uploads/2018/07/cow-crusher-maybe.jpg?w=443 443w,https://www.snopes.com/fact-check/image-of-cow-crusher-device/
6,https://us-east-1.tchyn.io/snopes-production/uploads/2018/07/melting-cars.jpg?w=1002 1002w,https://www.snopes.com/fact-check/cars-melting-in-arizona-heat-wave/
7,https://us-east-1.tchyn.io/snopes-production/uploads/2018/07/car-crashes.jpg?w=600 600w,https://www.snopes.com/fact-check/video-8-supernatural-car-crashes/
8,https://us-east-1.tchyn.io/snopes-production/uploads/2018/07/optical-illusion-hallway.jpg?w=736 736w,https://www.snopes.com/fact-check/hallway-stop-running/
9,https://us-east-1.tchyn.io/snopes-production/uploads/2018/07/Gareth-Southgate.jpg?w=1200 1200w,https://www.snopes.com/fact-check/gareth-southgate-waistcoat/
10,https://us-east-1.tchyn.io/snopes-production/uploads/2018/06/octopus-fallen-from-the-sky.jpg?w=591 591w,https://www.snopes.com/fact-check/octopus-fall-sky-china/
11,https://us-east-1.tchyn.io/snopes-production/uploads/2018/07/denver-protest.jpg?w=506 506w,https://www.snopes.com/fact-check/girls-trump-tshirts-rally/
12,https://us-east-1.tchyn.io/snopes-production/uploads/2018/07/sugar-free-sugar.jpg?w=500 500w,https://www.snopes.com/fact-check/sugar-free-sugar/
13,https://us-east-1.tchyn.io/snopes-production/uploads/2018/06/15107458_1164401370261562_5653070303901265587_n.jpg?w=960 960w,https://www.snopes.com/fact-check/trump-protesters-assassinate-republicans/
14,https://us-east-1.tchyn.io/snopes-production/uploads/2018/06/basil-karlo.jpg?w=500 500w,https://www.snopes.com/fact-check/was-child-expelled-trump-costume/
15,https://us-east-1.tchyn.io/snopes-production/uploads/2018/06/remote-alligator.jpg?w=600 600w,https://www.snopes.com/fact-check/did-man-save-friend-from-reptilian-attack/
16,https://us-east-1.tchyn.io/snopes-production/uploads/2018/06/not-america.png?w=883 883w,https://www.snopes.com/fact-check/are-these-women-protesting-trump/
17,https://us-east-1.tchyn.io/snopes-production/uploads/2018/06/not-king-of-the-netherlands.jpg?w=605 605w,https://www.snopes.com/fact-check/did-king-tell-trump-hague/
18,https://us-east-1.tchyn.io/snopes-production/uploads/2018/06/obama-cages.jpg?w=734 734w,https://www.snopes.com/fact-check/obama-dont-separate-mommy-protest-sign-real/
19,https://us-east-1.tchyn.io/snopes-production/uploads/2018/06/i-dont-really-care-do-u.jpg?resize=821,https://www.snopes.com/fact-check/melania-trump-wear-jacket-visiting-children-separated-families/
20,https://us-east-1.tchyn.io/snopes-production/uploads/2018/06/2014-obama-separated-kids.jpg?w=909 909w,https://www.snopes.com/fact-check/are-these-children-separated-by-obama/
21,https://us-east-1.tchyn.io/snopes-production/uploads/2018/06/elian.png?w=719 719w,https://www.snopes.com/fact-check/is-photograph-border-agents-separating-children/
22,https://us-east-1.tchyn.io/snopes-production/uploads/2018/06/drudge-report.jpg?w=1614 1614w,https://www.snopes.com/fact-check/gun-toting-children-photographed-united-states-border/
23,https://us-east-1.tchyn.io/snopes-production/uploads/2018/06/lake-kawagauchi.jpg?w=554 554w,https://www.snopes.com/fact-check/is-this-lake-kawaguchi/
24,https://us-east-1.tchyn.io/snopes-production/uploads/2018/06/live-wax-figures.jpg?w=900 900w,https://www.snopes.com/fact-check/meghan-harry-royal-robots/
27,https://us-east-1.tchyn.io/snopes-production/uploads/2018/06/35050666_2064282013614545_1849759388374401024_n.jpg?w=720 720w,https://www.snopes.com/fact-check/toddler-cage-photo/
28,https://us-east-1.tchyn.io/snopes-production/uploads/2018/06/charlie-chaplin-collage.jpg?w=3079 3079w,https://www.snopes.com/fact-check/distracted-boyfriend-meme-come-real-movie/
29,https://us-east-1.tchyn.io/snopes-production/uploads/2018/06/immigrant-children-orange-jumpsuits.jpg?w=640 640w,https://www.snopes.com/fact-check/are-children-orange-jumpsuits/
30,https://us-east-1.tchyn.io/snopes-production/uploads/2018/06/the-donald.jpg?w=1449 1449w,https://www.snopes.com/fact-check/justin-trudeaus-eyebrow/
32,https://us-east-1.tchyn.io/snopes-production/uploads/2018/06/derrell-hudson.jpg?w=496 496w,https://www.snopes.com/fact-check/was-texting-driver-found-clutching-phone/
33,https://us-east-1.tchyn.io/snopes-production/uploads/2018/06/not-starbucks-sign.jpg?w=598 598w,https://www.snopes.com/fact-check/sign-starbucks-racial-bias-training-single-white-people/
35,https://us-east-1.tchyn.io/snopes-production/uploads/2018/05/fake-photo.jpg?w=573 573w,https://www.snopes.com/fact-check/is-this-alberto-approaching-pensacola-beach/
36,https://us-east-1.tchyn.io/snopes-production/uploads/2018/05/boned-rolled-pig-1.jpg?w=612 612w,https://www.snopes.com/fact-check/did-stores-sell-boned-rolled-pig/
37,https://us-east-1.tchyn.io/snopes-production/uploads/2018/05/kidsprison.jpg?w=900 900w,https://www.snopes.com/fact-check/childrens-concentration-camp/
38,https://us-east-1.tchyn.io/snopes-production/uploads/2018/05/fb-post.jpg?w=555 555w,https://www.snopes.com/fact-check/did-woman-abandon-son/
40,https://us-east-1.tchyn.io/snopes-production/uploads/2018/05/fake-martyrs-1.jpg?w=721 721w,https://www.snopes.com/fact-check/martyrs-fake-death-video/
41,https://us-east-1.tchyn.io/snopes-production/uploads/2018/05/trafficjamfb.jpg?w=600 600w,https://www.snopes.com/fact-check/german-fuel-protest-image/
42,https://us-east-1.tchyn.io/snopes-production/uploads/2018/05/plane-crash-1.jpg?w=1000 1000w,https://www.snopes.com/fact-check/is-this-plane-crash-havana-cuba/
44,https://us-east-1.tchyn.io/snopes-production/uploads/2018/05/nikola-tesla.jpg?w=1879 1879w,https://www.snopes.com/fact-check/nikola-tesla-swimming-instructor/
46,https://us-east-1.tchyn.io/snopes-production/uploads/2018/05/trump-fathers-day.jpg?w=517 517w,https://www.snopes.com/fact-check/president-donald-trump-tweet-mothers-day-fathers/
47,https://us-east-1.tchyn.io/snopes-production/uploads/2018/05/tiny-toker-1.jpg?w=920 920w,https://www.snopes.com/fact-check/did-fisher-price-release-tiny-toker/
48,https://us-east-1.tchyn.io/snopes-production/uploads/2018/05/blue-bow-trout.jpg?w=823 823w,https://www.snopes.com/fact-check/blue-bow-trout-real/
51,https://us-east-1.tchyn.io/snopes-production/uploads/2018/05/toy-giant-hornet.jpg?w=800 800w,https://www.snopes.com/fact-check/is-this-asian-giant-hornet/
52,https://us-east-1.tchyn.io/snopes-production/uploads/2018/05/rayban.jpg?w=600 600w,https://www.snopes.com/fact-check/may-day-protests-kiss/
53,https://us-east-1.tchyn.io/snopes-production/uploads/2018/05/heineken-ad.jpg?w=600 600w,https://www.snopes.com/fact-check/heineken-beer-ad-babies/
54,https://us-east-1.tchyn.io/snopes-production/uploads/2018/05/not-obama-bowing.jpg?w=478 478w,https://www.snopes.com/fact-check/president-obama-bow-ayatollah-khamenei/
55,https://us-east-1.tchyn.io/snopes-production/uploads/2018/05/31437451_1694623843961056_9045261226293311056_n.jpg?w=600 600w,https://www.snopes.com/fact-check/was-twelve-lb-rat-london/
56,https://us-east-1.tchyn.io/snopes-production/uploads/2018/05/kansas-city.jpg?w=899 899w,https://www.snopes.com/fact-check/does-welcome-sign-kansas-city-typo/
57,https://us-east-1.tchyn.io/snopes-production/uploads/2018/05/purple-horned-winged-lizard.jpg?w=700 700w,https://www.snopes.com/fact-check/purple-horned-winged-lizard/
58,https://us-east-1.tchyn.io/snopes-production/uploads/2018/05/two-headed-shark.jpg?w=745 745w,https://www.snopes.com/fact-check/two-headed-sharks-terrorizing-ocean/
60,https://us-east-1.tchyn.io/snopes-production/uploads/2018/05/A-set-of-images-show-a-congenital-anomaly-.jpg?w=600 600w,https://www.snopes.com/fact-check/real-hand-eight-fingers/
61,https://us-east-1.tchyn.io/snopes-production/uploads/2018/05/Home_designed_to_resist_flood_waters.jpg?w=2724 2724w,https://www.snopes.com/fact-check/last-house-standing-hurricane-exorcism/
62,https://us-east-1.tchyn.io/snopes-production/uploads/2018/05/god-of-war.jpg?w=720 720w,https://www.snopes.com/fact-check/did-netflix-announce-god-of-war-series/
63,https://us-east-1.tchyn.io/snopes-production/uploads/2018/05/ObamaUSbordersign.jpg?w=400 400w,https://www.snopes.com/fact-check/is-u-s-border-sign-free-stuff-real/
64,https://us-east-1.tchyn.io/snopes-production/uploads/2018/05/hearse.jpg?w=500 500w,https://www.snopes.com/fact-check/was-hearse-towed-during-funeral/
65,https://us-east-1.tchyn.io/snopes-production/uploads/2018/04/apocalyptic-sunset-over-moscow.jpg?w=724 724w,https://www.snopes.com/fact-check/is-sunset-moscow-real/
66,https://us-east-1.tchyn.io/snopes-production/uploads/2018/04/fetus_burial.jpg?w=600 600w,https://www.snopes.com/fact-check/washing-aborted-fetuses/
67,https://us-east-1.tchyn.io/snopes-production/uploads/2018/04/michelle-wolf-newspaper.jpg?w=1242 1242w,https://www.snopes.com/fact-check/michelle-wolf-newspaper-arrest/
68,https://us-east-1.tchyn.io/snopes-production/uploads/2018/04/russian-smoker.jpg?w=1242 1242w,https://www.snopes.com/fact-check/did-man-lock-head-cage/
69,https://us-east-1.tchyn.io/snopes-production/uploads/2018/04/best-and-worst-presidents.jpg?w=1433 1433w,https://www.snopes.com/fact-check/was-trump-best-worst-president-time/
70,https://us-east-1.tchyn.io/snopes-production/uploads/2018/04/hydro-mx-motorcycle.jpg?w=1200 1200w,https://www.snopes.com/fact-check/daredevil-ride-motorcycle-lake-como/
72,https://us-east-1.tchyn.io/snopes-production/uploads/2018/04/dogman.jpg?w=584 584w,https://www.snopes.com/fact-check/mysterious-creature-terrorizing-argentina/
73,https://us-east-1.tchyn.io/snopes-production/uploads/2018/04/fake-bbc-report.jpg?w=1200 1200w,https://www.snopes.com/fact-check/bbc-nato-russia-nuclear-incident/
74,https://us-east-1.tchyn.io/snopes-production/uploads/2018/04/mcgonigle.jpg?w=560 560w,https://www.snopes.com/fact-check/is-this-proof-white-helmets-staged-chemical-attack/
75,https://us-east-1.tchyn.io/snopes-production/uploads/2018/04/qr-code-fake.jpg?w=1000 1000w,https://www.snopes.com/fact-check/starbucks-coupon-for-black-customers-only/
76,https://us-east-1.tchyn.io/snopes-production/uploads/2018/04/facebook-videos.jpg?w=745 745w,https://www.snopes.com/fact-check/mark-zuckerberg-closing-facebook/
77,https://us-east-1.tchyn.io/snopes-production/uploads/2018/04/knocked-over-statue.jpg?w=717 717w,https://www.snopes.com/fact-check/was-statue-unknown-soldier-vandals/
79,https://us-east-1.tchyn.io/snopes-production/uploads/2018/04/not-jeffery-dahmer.jpg?w=500 500w,https://www.snopes.com/fact-check/jeffrey-dahmer-next-ice-bong/
80,https://us-east-1.tchyn.io/snopes-production/uploads/2018/04/forbes-whale.jpg?w=960 960w,https://www.snopes.com/fact-check/sperm-whale-die-swallowing-64-pounds-plastic-debris/
81,https://us-east-1.tchyn.io/snopes-production/uploads/2018/04/30226441_1745278768844782_6072494758747824213_n.jpg?w=794 794w,https://www.snopes.com/fact-check/liberals-protesting-trump-photo/
82,https://us-east-1.tchyn.io/snopes-production/uploads/2018/04/history-lovers-club.jpg?w=726 726w,https://www.snopes.com/fact-check/daredevils-playing-tennis-airplane/
83,https://us-east-1.tchyn.io/snopes-production/uploads/2018/04/fishing-shadow.jpg?w=1175 1175w,https://www.snopes.com/fact-check/did-a-sunbather-catch-a-cobra-bare-hands/
84,https://us-east-1.tchyn.io/snopes-production/uploads/2018/04/26230154_1900598443303351_4966851516246143874_n.jpg?w=600 600w,https://www.snopes.com/fact-check/schwarzenegger-hotel-statue/
85,https://us-east-1.tchyn.io/snopes-production/uploads/2018/04/like-farm-scam.jpg?w=504 504w,https://www.snopes.com/fact-check/did-sick-childs-classmates-refuse-birthday/
88,https://us-east-1.tchyn.io/snopes-production/uploads/2018/04/harry-potter-cursed-child-movie.jpg?w=442 442w,https://www.snopes.com/fact-check/harry-potter-cursed-child-movie-poster/
89,https://us-east-1.tchyn.io/snopes-production/uploads/2018/04/monster-claws.jpg?w=1036 1036w,https://www.snopes.com/fact-check/monstrous-paws-alabama/
90,https://us-east-1.tchyn.io/snopes-production/uploads/2018/03/not-a-weasel.jpg?w=544 544w,https://www.snopes.com/fact-check/short-tailed-weasel/
91,https://us-east-1.tchyn.io/snopes-production/uploads/2018/03/killing-gators-1.jpg?w=411 411w,https://www.snopes.com/fact-check/stop-killing-alligators-gatorade/
92,https://us-east-1.tchyn.io/snopes-production/uploads/2018/03/northern-lights-from-space.jpg?w=449 449w,https://www.snopes.com/fact-check/northern-lights-seen-space/
93,https://us-east-1.tchyn.io/snopes-production/uploads/2018/03/nazi-salute.jpg?w=800 800w,https://www.snopes.com/fact-check/david-hogg-give-nazi-salute/
94,https://us-east-1.tchyn.io/snopes-production/uploads/2018/03/Emma-Gonzalez-Britney-meme.jpg?w=600 600w,https://www.snopes.com/fact-check/was-emma-gonzalez-attacking-truck/
95,https://us-east-1.tchyn.io/snopes-production/uploads/2018/03/mexico-and-trump.jpg?w=437 437w,https://www.snopes.com/fact-check/did-trump-slap-mexico-city-mayor/
96,https://us-east-1.tchyn.io/snopes-production/uploads/2018/03/emmatear.jpg?w=467 467w,https://www.snopes.com/fact-check/emma-gonzalez-ripping-up-constitution/
97,https://us-east-1.tchyn.io/snopes-production/uploads/2018/03/napoleon-dynamite-sequel.jpg?w=444 444w,https://www.snopes.com/fact-check/napoleon-dynamite-sequel/
99,https://us-east-1.tchyn.io/snopes-production/uploads/2018/03/half-a-camel.jpg?w=654 654w,https://www.snopes.com/fact-check/half-body-camel/
100,https://us-east-1.tchyn.io/snopes-production/uploads/2018/03/trump-melania-and-stormy-daniels.jpg?w=836 836w,https://www.snopes.com/fact-check/donald-trump-melania-trump-stormy-daniels/
101,https://us-east-1.tchyn.io/snopes-production/uploads/2018/03/karl-marx-tweet.jpg?w=580 580w,https://www.snopes.com/fact-check/karl-marx-banknote-released-germany/
102,https://us-east-1.tchyn.io/snopes-production/uploads/2018/03/tv-fox.jpg?w=1202 1202w,https://www.snopes.com/fact-check/super-antenna-octa-air-legitimate-replacement-cable/
103,https://us-east-1.tchyn.io/snopes-production/uploads/2018/03/hawking-vietnam.jpg?w=603 603w,https://www.snopes.com/fact-check/stephen-hawking-vietnam-war-protest/
104,https://us-east-1.tchyn.io/snopes-production/uploads/2018/03/fan-made-movie-poster.jpg?w=436 436w,https://www.snopes.com/fact-check/did-disney-announce-bedknobs-broomsticks/
105,https://us-east-1.tchyn.io/snopes-production/uploads/2018/03/not-kray-twins.jpg?w=532 532w,https://www.snopes.com/fact-check/kray-twins-use-elephant-rob-london-tram/
106,https://us-east-1.tchyn.io/snopes-production/uploads/2018/03/based-stickman-propoganda.jpg?w=593 593w,https://www.snopes.com/fact-check/did-girl-smile-carved-face-south-africa/
107,https://us-east-1.tchyn.io/snopes-production/uploads/2018/03/elephants-jumping.jpg?w=440 440w,https://www.snopes.com/fact-check/is-this-jumping-baby-elephant/
108,https://us-east-1.tchyn.io/snopes-production/uploads/2018/02/trump-stops-mugging-1.jpg?w=834 834w,https://www.snopes.com/fact-check/trump-stops-mugging-1991/
109,https://us-east-1.tchyn.io/snopes-production/uploads/2018/02/no-billboards-in-space.jpg?w=640 640w,https://www.snopes.com/fact-check/is-this-carl-sagan-holding-a-no-billboards-in-space-sign/
111,https://us-east-1.tchyn.io/snopes-production/uploads/2018/02/Not-James-Hetfield.jpg?w=600 600w,https://www.snopes.com/fact-check/is-james-hetfield-standing-near-a-bear-he-killed/
112,https://us-east-1.tchyn.io/snopes-production/uploads/2018/02/shark-on-beach.jpg?w=542 542w,https://www.snopes.com/fact-check/did-huge-shark-wash-up-kitty-hawk/
113,https://us-east-1.tchyn.io/snopes-production/uploads/2018/02/obama-v-trump-2.jpg?w=526 526w,https://www.snopes.com/fact-check/presidential-responses-school-shootings/
114,https://us-east-1.tchyn.io/snopes-production/uploads/2018/02/chris-williams-parkland.png?resize=576,https://www.snopes.com/fact-check/chris-williams-parkland/
115,https://us-east-1.tchyn.io/snopes-production/uploads/2018/02/Black-Panther-fake-attack1.jpg?w=600 600w,https://www.snopes.com/fact-check/are-white-people-being-assaulted-at-showing-of-black-panther/
116,https://us-east-1.tchyn.io/snopes-production/uploads/2018/02/nikolascruzmakarov.jpg?w=678 678w,https://www.snopes.com/fact-check/did-shooters-instagram-picture-maga-hat/
117,https://us-east-1.tchyn.io/snopes-production/uploads/2018/02/fake-antifa.jpg?w=528 528w,https://www.snopes.com/fact-check/florida-shooter-antifa-shirt/
118,https://us-east-1.tchyn.io/snopes-production/uploads/2018/02/In-Israel-armed-teachers-protect-children.jpg?w=500 500w,https://www.snopes.com/fact-check/is-armed-teacher-students-israel/
119,https://us-east-1.tchyn.io/snopes-production/uploads/2018/02/beware-sign.jpg?w=401 401w,https://www.snopes.com/fact-check/beware-billionaire-hunters-sign-real/
120,https://us-east-1.tchyn.io/snopes-production/uploads/2018/02/metal-af.jpg?w=635 635w,https://www.snopes.com/fact-check/hermit-crab-using-skull-shell/
121,https://us-east-1.tchyn.io/snopes-production/uploads/2018/02/frozen-IRTYSH-RIVER.jpg?w=713 713w,https://www.snopes.com/fact-check/frozen-river-scream-ghostface/
123,https://us-east-1.tchyn.io/snopes-production/uploads/2018/02/tesla-in-space.jpg?w=1920 1920w,https://www.snopes.com/fact-check/tesla-car-really-space/
124,https://us-east-1.tchyn.io/snopes-production/uploads/2018/02/goliath-skeleton.jpg?w=1024 1024w,https://www.snopes.com/fact-check/is-this-goliath-skeleton-real/
125,https://us-east-1.tchyn.io/snopes-production/uploads/2018/02/eagles-tweet.png?w=821 821w,https://www.snopes.com/fact-check/eagles-respond-trumps-congratulatory-tweet-vulgarity/
127,https://us-east-1.tchyn.io/snopes-production/uploads/2018/02/joe-kennedy-tweets.jpg?w=1500 1500w,https://www.snopes.com/fact-check/joe-kennedys-palm-beach-house-security-wall/
129,https://us-east-1.tchyn.io/snopes-production/uploads/2018/02/pelosi-scolds-democrat.jpg?w=640 640w,https://www.snopes.com/fact-check/pelosi-sanchez-state-of-union/
130,https://us-east-1.tchyn.io/snopes-production/uploads/2018/01/27072590_959807020868233_2544880065434527538_n.png?w=600 600w,https://www.snopes.com/fact-check/did-democrats-check-phones-sotu-address/
132,https://us-east-1.tchyn.io/snopes-production/uploads/2018/01/womensmarch10.jpg?w=905 905w,https://www.snopes.com/fact-check/wheres-damn-dinner-plane-banner-flown-womens-march/
133,https://us-east-1.tchyn.io/snopes-production/uploads/2018/01/elephant-collage.jpg?w=1000 1000w,https://www.snopes.com/fact-check/elephant-mountain-real-place/
134,https://us-east-1.tchyn.io/snopes-production/uploads/2018/01/pope-on-halloween.jpg?w=930 930w,https://www.snopes.com/fact-check/pope-francis-merengue/
135,https://us-east-1.tchyn.io/snopes-production/uploads/2018/01/airplane-fire.jpg?w=685 685w,https://www.snopes.com/fact-check/is-this-video-of-an-airplane-on-fire-real/
136,https://us-east-1.tchyn.io/snopes-production/uploads/2018/01/stormy-vs-stormy.jpg?w=2000 2000w,https://www.snopes.com/fact-check/stormy-daniels-say-president-trump-ate-pizza-tiny-pizza-toppings/
137,https://us-east-1.tchyn.io/snopes-production/uploads/2018/01/stabbing-video.jpg?w=751 751w,https://www.snopes.com/fact-check/halal-slash-video/
138,https://us-east-1.tchyn.io/snopes-production/uploads/2018/01/galton-box.jpg?w=689 689w,https://www.snopes.com/fact-check/machine-automatically-sorting-colored-balls/
139,https://us-east-1.tchyn.io/snopes-production/uploads/2018/01/not-hollywood.jpg?w=489 489w,https://www.snopes.com/fact-check/a-woman-in-a-revealing-dress-attended-a-hollywood-event-amidst-protests-against-sexual-harassment/
140,https://us-east-1.tchyn.io/snopes-production/uploads/2018/01/not-an-alien-attack.jpg?w=1000 1000w,https://www.snopes.com/fact-check/did-energy-weapon-strike-michigan/
141,https://us-east-1.tchyn.io/snopes-production/uploads/2018/01/our-congress-hard-at-work.jpg?w=446 446w,https://www.snopes.com/fact-check/is-this-our-congress-hard-at-work/
143,https://us-east-1.tchyn.io/snopes-production/uploads/2018/01/26169900_713070272230998_6068165661028487325_n.jpg?w=676 676w,https://www.snopes.com/fact-check/former-presidents-mocked-trump-about-his-first-try-tweet/
144,https://us-east-1.tchyn.io/snopes-production/uploads/2018/01/oprah-and-harvey.jpg?w=589 589w,https://www.snopes.com/fact-check/oprah-kissing-weinstein-cheek/
145,https://us-east-1.tchyn.io/snopes-production/uploads/2018/01/romania-ufo.jpg?w=692 692w,https://www.snopes.com/fact-check/alien-spotted-boarding-ufo-in-romania/
146,https://us-east-1.tchyn.io/snopes-production/uploads/2018/01/Pasted-image-at-2018_01_07-06_01-PM.png?w=960 960w,https://www.snopes.com/fact-check/kim-jong-un-reading-fire-fury/
147,https://us-east-1.tchyn.io/snopes-production/uploads/2018/01/Trump-bereaved-picture.jpg?w=600 600w,https://www.snopes.com/fact-check/picture-soldier-family-killed/
148,https://us-east-1.tchyn.io/snopes-production/uploads/2018/01/daca.jpg?w=1164 1164w,https://www.snopes.com/fact-check/were-daca-recipients-burning-flag/
149,https://us-east-1.tchyn.io/snopes-production/uploads/2018/01/who-wore-it-better.jpg?w=960 960w,https://www.snopes.com/fact-check/melania-trump-wore-shower-curtains/
150,https://us-east-1.tchyn.io/snopes-production/uploads/2017/12/cowhood01.jpg?w=600 600w,https://www.snopes.com/fact-check/cow-on-hood-car/
151,https://us-east-1.tchyn.io/snopes-production/uploads/2017/12/real-mermaid.jpg?w=1000 1000w,https://www.snopes.com/fact-check/real-mermaid-found-india/
153,https://us-east-1.tchyn.io/snopes-production/uploads/2017/12/mueller-and-trump.jpg?w=586 586w,https://www.snopes.com/fact-check/is-this-a-real-photograph-of-robert-mueller-in-vietnam/
154,https://us-east-1.tchyn.io/snopes-production/uploads/2017/12/10-downing-dog.jpg?w=599 599w,https://www.snopes.com/fact-check/dog-defecate-10-downing-street/
155,https://us-east-1.tchyn.io/snopes-production/uploads/2017/12/mitch-mcconnell-fake.jpg?w=884 884w,https://www.snopes.com/fact-check/did-c-span-insult-mitch-mcconnell/
156,https://us-east-1.tchyn.io/snopes-production/uploads/2017/12/weibo.jpg?w=586 586w,https://www.snopes.com/fact-check/is-this-invisibility-cloak-video-real/
158,https://us-east-1.tchyn.io/snopes-production/uploads/2017/12/war-on-christmas.jpg?w=1007 1007w,https://www.snopes.com/fact-check/protester-holding-holidays-matter-sign/
159,https://us-east-1.tchyn.io/snopes-production/uploads/2017/11/michelle-obama.jpg?w=480 480w,https://www.snopes.com/fact-check/time-traveling-hula-hooper-photograph/
160,https://us-east-1.tchyn.io/snopes-production/uploads/2017/11/trump-tweets-antimuslim-video.jpg?w=577 577w,https://www.snopes.com/fact-check/video-beating-dutch-boy-crutches/
161,https://us-east-1.tchyn.io/snopes-production/uploads/2017/11/uncle-putin.jpg?w=768 768w,https://www.snopes.com/fact-check/putin-pictured-taking-lollipop-child/
162,https://us-east-1.tchyn.io/snopes-production/uploads/2017/11/Screen-Shot-2017-11-28-at-17.43.24.png?w=932 932w,https://www.snopes.com/fact-check/libya-slavery/
163,https://us-east-1.tchyn.io/snopes-production/uploads/2017/11/LGGBDTTTIQQAAPP.jpg?w=1080 1080w,https://www.snopes.com/fact-check/lggbdtttiqqaapp-lgbt-inclusiveness-training-flyer/
164,https://us-east-1.tchyn.io/snopes-production/uploads/2015/02/niagara.jpg?w=694 694w,https://www.snopes.com/fact-check/niagara-falls-frozen/
165,https://us-east-1.tchyn.io/snopes-production/uploads/2017/11/childgun.jpg?w=469 469w,https://www.snopes.com/fact-check/child-shooting-dog-photos/
166,https://us-east-1.tchyn.io/snopes-production/uploads/2017/11/ryan-zinke-maybe.png?w=827 827w,https://www.snopes.com/fact-check/ryan-zinke-dead-elephant/
167,https://us-east-1.tchyn.io/snopes-production/uploads/2017/11/orwell-and-hemingway.jpg?w=740 740w,https://www.snopes.com/fact-check/image-shows-george-orwell-and-ernest-hemingway-during-the-spanish-civil-war/
168,https://us-east-1.tchyn.io/snopes-production/uploads/2017/11/average-rob.jpg?w=925 925w,https://www.snopes.com/fact-check/obama-sleeping-man-subway/
169,https://us-east-1.tchyn.io/snopes-production/uploads/2017/11/aiden-benjamin.jpg?w=588 588w,https://www.snopes.com/fact-check/photographer-said-franken-image-was-staged/
172,https://us-east-1.tchyn.io/snopes-production/uploads/2017/11/giacomo-calabrese-look-familiar-its-the-texas-church-shooter.jpg?w=612 612w,https://www.snopes.com/fact-check/image-depict-texas-church-shooter-bernie-sanders-rally/
173,https://us-east-1.tchyn.io/snopes-production/uploads/2017/11/muslimmarch.jpg?w=1000 1000w,https://www.snopes.com/fact-check/video-muslims-sharia-ashoura/
174,https://us-east-1.tchyn.io/snopes-production/uploads/2017/11/deported-veterans.jpg?w=583 583w,https://www.snopes.com/fact-check/image-shows-a-group-of-deported-veterans/
177,https://us-east-1.tchyn.io/snopes-production/uploads/2017/11/andre-the-giant.jpg?w=800 800w,https://www.snopes.com/fact-check/andre-giant-holding-beer-can/
178,https://us-east-1.tchyn.io/snopes-production/uploads/2017/11/Screenshot-2017-11-08-at-10.02.07-AM.png?w=1013 1013w,https://www.snopes.com/fact-check/shinzo-abe-roll-golf-bunker-round-trump/
179,https://us-east-1.tchyn.io/snopes-production/uploads/2017/11/fb-page-screenshot.jpg?w=442 442w,https://www.snopes.com/fact-check/did-michael-lombardi-kill-a-hibernating-bear-in-new-jersey/
180,https://us-east-1.tchyn.io/snopes-production/uploads/2017/11/obama-trump.jpg?w=809 809w,https://www.snopes.com/fact-check/did-trump-impatiently-dump-fish-food-in-japanese-koi-pond/
181,https://us-east-1.tchyn.io/snopes-production/uploads/2017/11/papa-johns-little-caesar-the-other-90-meme.jpg?w=800 800w,https://www.snopes.com/fact-check/papa-johns-little-caesars-meme/
182,https://us-east-1.tchyn.io/snopes-production/uploads/2017/10/face-cream-ad.jpg?w=1000 1000w,https://www.snopes.com/fact-check/is-this-woman-playing-ping-pong-with-her-face/
183,https://us-east-1.tchyn.io/snopes-production/uploads/2017/10/biden-grope.jpg?w=552 552w,https://www.snopes.com/fact-check/joe-biden-grope-photograph/
184,https://us-east-1.tchyn.io/snopes-production/uploads/2013/07/fence.jpg?w=800 800w,https://www.snopes.com/fact-check/dont-whizz-on-the-electric-fence/
185,https://us-east-1.tchyn.io/snopes-production/uploads/2017/10/vic-berger-trump.jpg?w=2048 2048w,https://www.snopes.com/fact-check/trump-unflattering-image/
186,https://us-east-1.tchyn.io/snopes-production/uploads/2013/11/lambeau2.jpg?w=604 604w,https://www.snopes.com/fact-check/veterans-day-tribute/
187,https://us-east-1.tchyn.io/snopes-production/uploads/2017/10/security-camera.jpg?w=800 800w,https://www.snopes.com/fact-check/ghost-on-camera-hallways-ireland-school/
188,https://us-east-1.tchyn.io/snopes-production/uploads/2015/11/disgusting.jpg?w=528 528w,https://www.snopes.com/fact-check/ladybugs-beetles-dog-mouth/
189,https://us-east-1.tchyn.io/snopes-production/uploads/2017/10/owl-orgasm.jpg?w=711 711w,https://www.snopes.com/fact-check/is-this-owl-having-an-orgasm/
190,https://us-east-1.tchyn.io/snopes-production/uploads/2017/10/hendrix.jpg?w=686 686w,https://www.snopes.com/fact-check/did-a-tattooed-jimi-hendrix-ride-a-dune-buggy/
191,https://us-east-1.tchyn.io/snopes-production/uploads/2017/10/22687658_1969037260032795_622066198185473843_n.jpg?w=300 300w,https://www.snopes.com/fact-check/sarah-huckabee-sanders-kkk-robe-halloween/
192,https://us-east-1.tchyn.io/snopes-production/uploads/2017/10/hybrid-collage.jpg?w=1000 1000w,https://www.snopes.com/fact-check/half-human-half-lion-hybrid-creature-indonesia/
193,https://us-east-1.tchyn.io/snopes-production/uploads/2017/10/not-melania-trump.jpg?w=640 640w,https://www.snopes.com/fact-check/lawmakers-thong-shows-during-swearing-in/
194,https://us-east-1.tchyn.io/snopes-production/uploads/2017/10/melania-trump-body-double.jpg?w=1000 1000w,https://www.snopes.com/fact-check/melania-trump-body-double/
195,https://us-east-1.tchyn.io/snopes-production/uploads/2014/10/buckleybehead.jpg?w=360 360w,https://www.snopes.com/fact-check/behead-of-the-family/
196,https://us-east-1.tchyn.io/snopes-production/uploads/2017/10/trump-tweet-1.jpg?w=589 589w,https://www.snopes.com/fact-check/trump-spray-tan-oval-office/
197,https://us-east-1.tchyn.io/snopes-production/uploads/2017/10/obama-awards.jpg?w=1190 1190w,https://www.snopes.com/fact-check/obama-medal-of-freedom-weinstein-clinton-cosby-weiner/
198,https://us-east-1.tchyn.io/snopes-production/uploads/2017/10/coyote-dog.jpg?w=497 497w,https://www.snopes.com/fact-check/coyote-given-bath-mistaken-dog/
199,https://us-east-1.tchyn.io/snopes-production/uploads/2017/10/5__Lamaur_Foster_-_DID_YOU_KNOW_____The_Freddy_Kruger_character_was____.jpg?w=545 545w,https://www.snopes.com/fact-check/was-freddy-krueger-real/
200,https://us-east-1.tchyn.io/snopes-production/uploads/2017/10/house-saved-by-fire.jpg?w=600 600w,https://www.snopes.com/fact-check/did-sprinklers-save-house-from-massive-wildfire/
202,https://us-east-1.tchyn.io/snopes-production/uploads/2017/10/frozen-shaft-of-urine.jpg?w=500 500w,https://www.snopes.com/fact-check/was-a-woman-killed-frozen-urine/
204,https://us-east-1.tchyn.io/snopes-production/uploads/2017/10/1930s-woman-smile-pictures-in-history.jpg?w=542 542w,https://www.snopes.com/fact-check/1930s-housewife-smile-therapy/
206,https://us-east-1.tchyn.io/snopes-production/uploads/2017/10/lebron-shirt.jpg?w=581 581w,https://www.snopes.com/fact-check/lebron-james-wore-protest-shirt/
207,https://us-east-1.tchyn.io/snopes-production/uploads/2017/10/maxresdefault.jpg?w=1280 1280w,https://www.snopes.com/fact-check/does-cinderella-surgery-modifies-feet-to-resemble-high-heels/
208,https://us-east-1.tchyn.io/snopes-production/uploads/2017/10/Screenshot-2017-10-03-at-11.50.13-AM.png?w=596 596w,https://www.snopes.com/fact-check/las-vegas-shooter-trump-protest/
209,https://us-east-1.tchyn.io/snopes-production/uploads/2017/10/us-navy-kneeling.jpg?w=768 768w,https://www.snopes.com/fact-check/army-football-team-kneel-protest-national-anthem/
210,https://us-east-1.tchyn.io/snopes-production/uploads/2017/09/nfl-burns-flag.jpg?w=720 720w,https://www.snopes.com/fact-check/nfl-player-burned-american-flag-in-locker-room/
212,https://us-east-1.tchyn.io/snopes-production/uploads/2017/09/aaron-rodgers.jpg?w=851 851w,https://www.snopes.com/fact-check/aaron-rodgers-stand-for-the-flag-kneel-for-the-cross-t-shirt/
214,https://us-east-1.tchyn.io/snopes-production/uploads/2016/11/trumpflag.jpg?w=608 608w,https://www.snopes.com/fact-check/trumps-flip-flop-on-flag-burning/
216,https://us-east-1.tchyn.io/snopes-production/uploads/2017/09/hurricane-jose.jpg?w=578 578w,https://www.snopes.com/fact-check/hurricane-jose-30-foot-waves-jennettes-pier/
219,https://us-east-1.tchyn.io/snopes-production/uploads/2017/09/Screen-Shot-2017-09-15-at-11.30.50-AM.png?w=425 425w,https://www.snopes.com/fact-check/giant-fossil-seahorse/
220,https://us-east-1.tchyn.io/snopes-production/uploads/2017/09/maya-the-bee.jpg?w=744 744w,https://www.snopes.com/fact-check/maya-bee-scene/
222,https://us-east-1.tchyn.io/snopes-production/uploads/2017/09/red-cross-meal.jpg?w=527 527w,https://www.snopes.com/fact-check/red-cross-harvey-meal/
223,https://us-east-1.tchyn.io/snopes-production/uploads/2017/09/twitter-pic.jpg?w=575 575w,https://www.snopes.com/fact-check/heath-ledger-cyrian-murphy-photograph-real/
224,https://us-east-1.tchyn.io/snopes-production/uploads/2017/09/viral-video-lab.jpg?w=707 707w,https://www.snopes.com/fact-check/three-sharks-filmed-in-miami-flood-waters-after-hurricane-irma/
225,https://us-east-1.tchyn.io/snopes-production/uploads/2017/09/brock-turner-rape.jpg?w=720 720w,https://www.snopes.com/fact-check/textbook-brock-turner-criminology-example/
227,https://us-east-1.tchyn.io/snopes-production/uploads/2017/09/dan-scavino.jpg?w=750 750w,https://www.snopes.com/fact-check/hurricane-irma-hitting-miami-airport/
229,https://us-east-1.tchyn.io/snopes-production/uploads/2017/09/fb-video.jpg?w=490 490w,https://www.snopes.com/fact-check/irma-barbuda-video/
230,https://us-east-1.tchyn.io/snopes-production/uploads/2017/09/golfers.jpg?w=1000 1000w,https://www.snopes.com/fact-check/people-golfing-right-next-huge-forest-fire/
231,https://us-east-1.tchyn.io/snopes-production/uploads/2017/09/hurricane-irma.jpg?w=720 720w,https://www.snopes.com/fact-check/hurricane-irma-now-contains-sharks/
232,https://us-east-1.tchyn.io/snopes-production/uploads/2017/09/hickenlooper.jpg?w=1002 1002w,https://www.snopes.com/fact-check/arthur-hickenlooper-81-american-ninjaj-warrior/
233,https://us-east-1.tchyn.io/snopes-production/uploads/2017/09/trump-cats.jpg?w=474 474w,https://www.snopes.com/fact-check/trump-saved-two-cats-after-hurricane-harvey/
234,https://us-east-1.tchyn.io/snopes-production/uploads/2017/09/tim-allen-cnn.jpg?w=469 469w,https://www.snopes.com/fact-check/cnn-mistake-tim-allen-joel-osteen/
235,https://us-east-1.tchyn.io/snopes-production/uploads/2017/08/inflatable-dam.jpg?w=793 793w,https://www.snopes.com/fact-check/texas-house-saved-inflatable-dam/
236,https://us-east-1.tchyn.io/snopes-production/uploads/2017/08/Screenshot-2017-08-31-at-10.jpg?w=589 589w,https://www.snopes.com/fact-check/melania-trump-heels-houston-hurricane-harvey/
237,https://us-east-1.tchyn.io/snopes-production/uploads/2017/08/navy-destroyer-houston.jpg?w=1140 1140w,https://www.snopes.com/fact-check/navy-destroyer-collides-building-downtown-houston/
238,https://us-east-1.tchyn.io/snopes-production/uploads/2017/08/hamil-and-vader.jpg?w=582 582w,https://www.snopes.com/fact-check/james-earl-jones-star-wars-london-segregation/
239,https://us-east-1.tchyn.io/snopes-production/uploads/2017/08/trumpspraytan.jpg?w=720 720w,https://www.snopes.com/fact-check/trump-spray-tan-television/
241,https://us-east-1.tchyn.io/snopes-production/uploads/2017/08/obama-and-soros.jpg?w=599 599w,https://www.snopes.com/fact-check/photograph-obama-soros-laughing/
242,https://us-east-1.tchyn.io/snopes-production/uploads/2017/08/bart-simpson-fake-chalkboard-gag.jpg?w=400 400w,https://www.snopes.com/fact-check/did-bart-simpson-mock-islam-during-a-chalkboard-gag/
243,https://us-east-1.tchyn.io/snopes-production/uploads/2017/08/not-antifa-mugshots.jpg?w=586 586w,https://www.snopes.com/fact-check/antifa-mugshots-charlottesville/
244,https://us-east-1.tchyn.io/snopes-production/uploads/2017/08/fb-eclipse.jpg?w=540 540w,https://www.snopes.com/fact-check/sunlight-cross-eclipse/
245,https://us-east-1.tchyn.io/snopes-production/uploads/2016/06/kuwait-dogs.jpg?w=591 591w,https://www.snopes.com/fact-check/photographs-show-dozens-dead-dogs-kuwait/
246,https://us-east-1.tchyn.io/snopes-production/uploads/2017/08/antifa-sturgis-rally.jpg?w=960 960w,https://www.snopes.com/fact-check/antifa-protest-sturgis-2018/
247,https://us-east-1.tchyn.io/snopes-production/uploads/2016/03/eclipse-image.jpg?w=552 552w,https://www.snopes.com/fact-check/eclipse-over-south-pacific/
248,https://us-east-1.tchyn.io/snopes-production/uploads/2016/06/5__Brandon_Rogers_-_I_have_no_words_for_the_people_who_did_this_to___.jpg?w=532 532w,https://www.snopes.com/fact-check/vietnam-wall-graffiti/
249,https://us-east-1.tchyn.io/snopes-production/uploads/2017/08/man-and-mountain.jpg?w=1000 1000w,https://www.snopes.com/fact-check/man-really-look-like-mountain/
250,https://us-east-1.tchyn.io/snopes-production/uploads/2015/03/eclipseart.jpg?resize=1024,https://www.snopes.com/fact-check/solar-eclipse-from-space/
251,https://us-east-1.tchyn.io/snopes-production/uploads/2017/08/the-antifa-manual.jpg?w=1000 1000w,https://www.snopes.com/fact-check/is-this-antifa-manual-real/
252,https://us-east-1.tchyn.io/snopes-production/uploads/2017/08/rainbow-mountains-1.jpg?w=480 480w,https://www.snopes.com/fact-check/rainbow-mountains-real/
253,https://us-east-1.tchyn.io/snopes-production/uploads/2017/08/steve-bannon.jpg?w=800 800w,https://www.snopes.com/fact-check/steve-bannon-bloody-lip/
254,https://us-east-1.tchyn.io/snopes-production/uploads/2017/08/freddie-mercury.jpg?w=336 336w,https://www.snopes.com/fact-check/freddie-mercury-putting-make/
255,https://us-east-1.tchyn.io/snopes-production/uploads/2017/08/antifa.jpg?w=720 720w,https://www.snopes.com/fact-check/antifa-flyers-call-for-the-murder-of-white-children/
256,https://us-east-1.tchyn.io/snopes-production/uploads/2017/08/millenial-matt.jpg?w=589 589w,https://www.snopes.com/fact-check/trump-photographed-with-charlottesville-white-nationalist/
257,https://us-east-1.tchyn.io/snopes-production/uploads/2017/08/not-antifa.jpg?w=534 534w,https://www.snopes.com/fact-check/antifa-member-photographed-beating-police-officer/
258,https://us-east-1.tchyn.io/snopes-production/uploads/2017/08/klanpolice.jpg?w=715 715w,https://www.snopes.com/fact-check/racist-protesters-protected-black-policeman/
261,https://us-east-1.tchyn.io/snopes-production/uploads/2017/08/20727962_10155657532452650_5127414016212651588_n.jpg?w=864 864w,https://www.snopes.com/fact-check/fire-and-fury-comic-book-villain/
262,https://us-east-1.tchyn.io/snopes-production/uploads/2017/08/blue-whale-photo.jpg?w=614 614w,https://www.snopes.com/fact-check/blue-whale-under-rowboat/
263,https://us-east-1.tchyn.io/snopes-production/uploads/2017/08/pope.jpg?w=707 707w,https://www.snopes.com/fact-check/pope-francis-kisses-david-rockefellers-hand/
265,https://us-east-1.tchyn.io/snopes-production/uploads/2017/08/kuwait-weather.jpg?w=772 772w,https://www.snopes.com/fact-check/62-degree-celsius-kuwait-tree-fire/
266,https://us-east-1.tchyn.io/snopes-production/uploads/2015/06/Argentina-Dolphin.jpg?w=950 950w,https://www.snopes.com/fact-check/couple-kills-dolphin-urinating/
268,https://us-east-1.tchyn.io/snopes-production/uploads/2016/04/Pasted_Image_4_21_16__1_31_PM.jpg?resize=1024,https://www.snopes.com/fact-check/sergeant-gregory-hayes/
270,https://us-east-1.tchyn.io/snopes-production/uploads/2017/08/lightning-bolt.jpg?w=632 632w,https://www.snopes.com/fact-check/lightning-striking-a-river/
271,https://us-east-1.tchyn.io/snopes-production/uploads/2017/08/devils-tower.jpg?w=462 462w,https://www.snopes.com/fact-check/roots-devils-tower/
272,https://us-east-1.tchyn.io/snopes-production/uploads/2017/07/russia-pilot.jpg?w=800 800w,https://www.snopes.com/fact-check/russian-pilot-bridge-1965/
273,https://us-east-1.tchyn.io/snopes-production/uploads/2016/08/panda.jpg?resize=300,https://www.snopes.com/fact-check/panda-on-a-plane/
274,https://us-east-1.tchyn.io/snopes-production/uploads/2016/08/wwii-gun.jpg?w=500 500w,https://www.snopes.com/fact-check/german-tank-shot-down-ufos/
277,https://us-east-1.tchyn.io/snopes-production/uploads/2017/07/lion-and-cat.jpg?w=1011 1011w,https://www.snopes.com/fact-check/lion-and-cat/
278,https://us-east-1.tchyn.io/snopes-production/uploads/2017/07/orca-whales.jpg?w=556 556w,https://www.snopes.com/fact-check/photograph-kayak-orcas/
279,https://us-east-1.tchyn.io/snopes-production/uploads/2017/07/che-lennon.jpg?w=592 592w,https://www.snopes.com/fact-check/lennon-che-guitar/
281,https://us-east-1.tchyn.io/snopes-production/uploads/2017/07/Tom_Hanks_Facebook.jpg?w=924 924w,https://www.snopes.com/fact-check/tom-hanks-t-shirt/
282,https://us-east-1.tchyn.io/snopes-production/uploads/2017/07/anthony-scarmuci.jpg?w=960 960w,https://www.snopes.com/fact-check/scaramucci-explicit-tweet-2009/
283,https://us-east-1.tchyn.io/snopes-production/uploads/2017/07/how-high-is-too-high.jpg?w=640 640w,https://www.snopes.com/fact-check/middle-school-break-arms-jumping-off-water-tower-science-project/
284,https://us-east-1.tchyn.io/snopes-production/uploads/2017/07/whales-in-venice.jpg?w=602 602w,https://www.snopes.com/fact-check/whale-venice-canal-photograph/
285,https://us-east-1.tchyn.io/snopes-production/uploads/2017/07/league-of-german-girls.jpg?w=558 558w,https://www.snopes.com/fact-check/league-of-german-girls-inspection-during-world-war-ii/
286,https://us-east-1.tchyn.io/snopes-production/uploads/2015/09/builders-foam.jpg?w=888 888w,https://www.snopes.com/fact-check/builders-foam-hair/
287,https://us-east-1.tchyn.io/snopes-production/uploads/2017/07/skeleton-scarecrow.png?w=480 480w,https://www.snopes.com/fact-check/scarecrow-human-body/
288,https://us-east-1.tchyn.io/snopes-production/uploads/2017/07/supercell-south-dakota-markco-korosec.jpg?w=1000 1000w,https://www.snopes.com/fact-check/real-supercell-video/
290,https://us-east-1.tchyn.io/snopes-production/uploads/2017/07/oklahoma-tornado-1898.jpg?w=601 601w,https://www.snopes.com/fact-check/1898-oklahoma-tornado/
292,https://us-east-1.tchyn.io/snopes-production/uploads/2017/07/love-on-the-rough-robot.jpg?w=650 650w,https://www.snopes.com/fact-check/lady-golfers-robot-trainer/
293,https://us-east-1.tchyn.io/snopes-production/uploads/2017/07/svt-meteorlogists.jpg?w=760 760w,https://www.snopes.com/fact-check/weather-report-sweden-iraq/
295,https://us-east-1.tchyn.io/snopes-production/uploads/2017/07/spot-the-difference.jpg?w=1000 1000w,https://www.snopes.com/fact-check/trump-sons-photo/
296,https://us-east-1.tchyn.io/snopes-production/uploads/2017/07/giant-tree.jpg?w=896 896w,https://www.snopes.com/fact-check/ancient-giant-trees/
298,https://us-east-1.tchyn.io/snopes-production/uploads/2017/07/not-trump-white-house.jpg?w=600 600w,https://www.snopes.com/fact-check/american-flag-white-house/
299,https://us-east-1.tchyn.io/snopes-production/uploads/2017/07/Screenshot-2017-07-10-aputint-7.jpg?w=554 554w,https://www.snopes.com/fact-check/putin-surrounded-g20/
300,https://us-east-1.tchyn.io/snopes-production/uploads/2017/07/detroit-collage.jpg?w=1000 1000w,https://www.snopes.com/fact-check/electric-car-1905/
301,https://us-east-1.tchyn.io/snopes-production/uploads/2017/07/ali-money.jpg?w=492 492w,https://www.snopes.com/fact-check/muhammad-ali-winnings-1964/
