id,claim,rating,image_url,permalink,publish_date,reddit_url
2000,Thai cave boys' heads shaved before ordination ceremony.,TRUE,['https://www.theguardian.com/news/2018/jul/24/boys-rescued-from-thai-cave-become-buddhist-novices#img-1'],https://www.theguardian.com/news/2018/jul/24/boys-rescued-from-thai-cave-become-buddhist-novices,2018-07-24T00:00:00+00:00,https://www.reddit.com/r/worldnews/comments/91fvph/boys_rescued_from_thai_cave_become_buddhist/
2001,"Greece declares state of emergency, asks for international aid.",TRUE,['http://static3.uk.businessinsider.com/image/5b566b7d42e1cc54131e9aee-1190-625/greece-has-declared-a-state-of-emergency-over-deadly-forest-fires.jpg'],https://www.businessinsider.com/forest-fires-greece-state-of-emergency-international-aid-2018-7?r=UK&IR=T,2018-07-24T00:00:00+00:01,https://www.reddit.com/r/worldnews/comments/91cljk/greece_declares_state_of_emergency_asks_for/
2002,Hundreds missing' after Laos dam collapse,TRUE,['https://ichef.bbci.co.uk/news/320/cpsprodpb/FF43/production/_102674356_5a524acc-84ea-42c3-9b4b-a4a01a8f0a37.jpg'],https://www.bbc.com/news/world-asia-44935495?ocid=socialflow_twitter,2018-07-24T00:00:00+00:02,https://www.reddit.com/r/worldnews/comments/91fhu2/hundreds_missing_after_laos_dam_collapse/
2003,Japan declares heatwave a natural disaster.,TRUE,['https://ichef.bbci.co.uk/news/720/cpsprodpb/8F44/production/_102667663_b90c7bd9-7cf7-495e-8744-3a651407e3c1.jpg'],https://www.bbc.co.uk/news/world-asia-44935152,2018-07-24T00:00:00+00:03,https://www.reddit.com/r/worldnews/comments/91f45o/japan_declares_heatwave_a_natural_disaster/
2004,Fish are losing their sense of smell because of increasingly acidic oceans caused by rising levels of carbon dioxide (CO2) in the atmosphere.,TRUE,['http://www.exeter.ac.uk/media/universityofexeter/newsarchive/researchfishandsealife/mainbody/web_Cosima_Porteus_rh_218xfree.jpg'],http://www.exeter.ac.uk/news/featurednews/title_672112_en.html,2018-07-23T00:00:00+00:04,https://www.reddit.com/r/worldnews/comments/91al8j/fish_are_losing_their_sense_of_smell_because_of/
2005,Novichok victim reveals he accidentally gave girlfriend nerve agent 'perfume bottle' as a present.,TRUE,['https://www.thetimes.co.uk/imageserver/image/methode%2Ftimes%2Fprod%2Fweb%2Fbin%2Fd98b90ae-8a78-11e8-a0fd-e428ecc3ac12.jpg?crop=2484%2C1656%2C0%2C0&resize=320'],https://www.telegraph.co.uk/news/2018/07/24/novichok-victim-reveals-accidentally-gave-girlfriend-nerve-agent/,2018-07-24T00:00:00+00:05,https://www.reddit.com/r/worldnews/comments/91fzur/novichok_victim_reveals_he_accidentally_gave/
2006,Estonia is making public transport free.,TRUE,['https://media.licdn.com/media-proxy/ext?w=800&h=800&hash=DK0cSphXlXkshRI%2FcCBlMZxpm2c%3D&ora=1%2CaFBCTXdkRmpGL2lvQUFBPQ%2CxAVta5g-0R6rgAgf1g9v96uHol2l6QlIV4WTA3LlAnb2r8rZPSa-LNiDKPD28TJnHWZ59AJzN7fpEV_gQeL6T9a6Adx5gtO_cOKbXhEJXT8ugnhD6vw5MSgv-562Ag'],https://www.weforum.org/agenda/2018/06/estonia-is-making-public-transport-free,2018-06-01T00:00:00+00:06,https://www.reddit.com/r/worldnews/comments/91cras/estonia_is_making_public_transport_free/
2007,"Iran becomes India's No. 2 oil supplier, ahead of Saudi Arabia.",TRUE,['https://www.remocontro.it/wp-content/uploads/2014/11/Iran-nuclear-copertina.jpg'],https://in.reuters.com/article/india-iran-oil/iran-becomes-indias-no-2-oil-supplier-ahead-of-saudi-arabia-idINKBN1KE0CI,2018-07-24T00:00:00+00:07,https://www.reddit.com/r/worldnews/comments/91ai1e/iran_becomes_indias_no_2_oil_supplier_ahead_of/
2008,"Dozens die in Japan's record heat wave, UK has hottest day of the year.",TRUE,['http://berita.beritajatim.com/brt472514855.jpg'],https://abcnews.go.com/International/dozens-die-japans-record-heat-wave-uk-hottest/story?id=56756880,2018-07-23T00:00:00+00:08,https://www.reddit.com/r/worldnews/comments/91ahez/dozens_die_in_japans_record_heat_wave_uk_has/
2009,Toronto Mass Shooting Reports on Danforth Avenue¡£,TRUE,['https://media.8ch.net/file_store/9aea4595530c91a91bd6600e210d4eb3b00ae228e3647bbbc775add0406414e4.png'],https://heavy.com/news/2018/07/toronto-shooting-mass-shooter-danforth-greektown/,2018-07-23T00:00:00+00:09,https://www.reddit.com/r/worldnews/comments/913fdt/toronto_mass_shooting_reports_on_danforth_avenue/
2010,Japan records its highest ever temperature of 41.1 C (106 F) near Tokyo.,TRUE,['https://lpt.c.yimg.jp/amd/20180723-00000030-mai-000-view.jpg'],https://mainichi.jp/english/articles/20180723/p2g/00m/0dm/062000c,2018-07-23T00:00:00+00:10,https://www.reddit.com/r/worldnews/comments/914o4n/japan_records_its_highest_ever_temperature_of_411/
2011,Earth's resources consumed in ever greater destructive volumes.,TRUE,['https://i.guim.co.uk/img/media/e9459756478f7cdd6cc74168386e779759a65158/0_346_5184_3110/master/5184.jpg?w=620&q=55&auto=format&usm=12&fit=max&s=ce4f068ae9016d99273d609d5ee6f22e'],https://www.theguardian.com/environment/2018/jul/23/earths-resources-consumed-in-ever-greater-destructive-volumes?CMP=Share_iOSApp_Other,2018-07-22T00:00:00+00:11,https://www.reddit.com/r/worldnews/comments/914n00/earth_overshoot_day_which_marks_the_point_at/
2012,France's far-right patriarch refused questioning in EU fraud case.,TRUE,['https://s.yimg.com/uu/api/res/1.2/XFSp5EWZBch6fQast8d6SA--~B/Zmk9c3RyaW07aD0xMjM7cHlvZmY9MDtxPTgwO3c9MjIwO3NtPTE7YXBwaWQ9eXRhY2h5b24-/http://media.zenfs.com/en_sg/News/AFP/a6d0ba827b9d373ebce6ef4f21f46c96c76f5aef.jpg.cf.jpg'],http://www.france24.com/en/20180722-frances-far-right-patriarch-refused-questioning-eu-fraud-case,2018-07-22T00:00:00+00:12,https://www.reddit.com/r/worldnews/comments/90zl3a/jeanmarie_le_pen_founder_of_frances_farright/
2013,"With 28 fires out of control, Ontario gets help from U.S., Mexico, other provinces",TRUE,['https://i.cbc.ca/1.4757033.1532274204!/fileImage/httpImage/image.jpg_gen/derivatives/16x9_780/key-river-ontario-forest-fire.jpg'],http://www.cbc.ca/news/canada/sudbury/forest-fires-ontario-out-of-province-help-1.4757024,2018-07-22T00:00:00+00:13,https://www.reddit.com/r/worldnews/comments/911aza/with_28_fires_out_of_control_ontario_canada_gets/
2014,Britain so badly scorched by heatwave it has turned from green to brown in satellite photographs.,TRUE,['https://www.thetimes.co.uk/imageserver/image/%2Fmethode%2Ftimes%2Fprod%2Fweb%2Fbin%2Ffb1158b8-8aa4-11e8-a0fd-e428ecc3ac12.jpg?crop=2259%2C1506%2C67%2C584'],https://www.independent.co.uk/news/uk/home-news/uk-weather-latest-heatwave-satellite-pictures-hottest-summer-met-office-a8453666.html?utm_source=reddit.com,2018-07-19T00:00:00+00:14,https://www.reddit.com/r/worldnews/comments/90ycx2/britain_so_badly_scorched_by_heatwave_it_has/
2015,"Danish archaeologists find 14,000 year-old bread in Jordan.",TRUE,['https://www.thelocal.dk/userdata/images/article/a90244adb2623c62daee32d07c164bc6dbc8000cf6e069d2c2a16330393309ff.jpg'],https://www.thelocal.dk/20180717/danish-archaeologists-find-14000-year-old-bread-in-jordan,2018-07-17T00:00:00+00:15,https://www.reddit.com/r/worldnews/comments/90y5o0/danish_archaeologists_find_14000_yearold_bread_in/
2016,"Rajasthan cops first took cows to shelter, then lynching victim to hospital",TRUE,['https://timesofindia.indiatimes.com/photo/photo/msid-65078533/65078533.jpg?resizemode=4&width=400'],https://timesofindia.indiatimes.com/india/rajasthan-cops-first-took-cows-to-shelter-then-lynching-victim-to-hospital/articleshow/65095726.cms,2018-07-23T00:00:00+00:16,https://www.reddit.com/r/worldnews/comments/911clg/indian_police_in_rajasthan_first_took_cows_to/
2017,Rising global meat consumption 'will devastate environment'.,TRUE,['https://i.guim.co.uk/img/media/f3dfe09312277c3bed5451c47b236b6b570d2a54/76_0_3720_2232/master/3720.jpg?w=300&q=55&auto=format&usm=12&fit=max&s=7d76a4bd904a85fce26fe2b0f0e3e9b8'],https://www.theguardian.com/environment/2018/jul/19/rising-global-meat-consumption-will-devastate-environment,2018-07-19T00:00:00+00:17,https://www.reddit.com/r/worldnews/comments/90wsg8/rising_global_meat_consumption_will_devastate/
2018,Teenaged soccer player left without club after fans¡¯ racist protests.,TRUE,['https://i.eurosport.com/2018/07/20/2376258-49423937-1600-900.jpg'],https://thinkprogress.org/russian-soccer-club-cancel-new-player-contract-after-fans-protest-because-hes-black-ead2df3c2e24/,2018-07-20T00:00:00+00:18,https://www.reddit.com/r/worldnews/comments/90qh7n/a_teenaged_soccer_player_has_had_his_contract/
2019,This Is Zero Hour': Youth-Led Marches Across the Globe Demand Immediate and Ambitious Climate Action.,TRUE,['https://i.redditmedia.com/EU5eJkomMWl5dA2KOzliuDoo094_F-EJgzCgC95ubLI.jpg?s=993720b97fd665de787a3cf54e441c76'],https://www.commondreams.org/news/2018/07/21/zero-hour-youth-led-marches-across-globe-demand-immediate-and-ambitious-climate,2018-07-21T00:00:00+00:19,https://www.reddit.com/r/worldnews/comments/90psp9/this_is_zero_hour_youthled_marches_across_the/
2020,Ukraine crisis: US to give Kiev $200m in defence support,TRUE,['https://cdn.banglanews24.com/media/imgAll/2016October/bg/Ukraine-bg20180721170203.jpg'],https://www.bbc.com/news/world-europe-44909625,2018-07-21T00:00:00+00:20,https://www.reddit.com/r/worldnews/comments/90pe06/ukraine_crisis_us_to_give_kiev_200m_in_defence/
2021,Russia Banned From Winter Olympics by I.O.C.,TRUE,['https://media2.s-nbcnews.com/j/newscms/2017_49/2249931/171205-russia-delegation-sochi-olympics-ew-141p_77c07741407a5746907b6140d5133837.1024;768;7;70;3.jpg'],https://www.nytimes.com/2017/12/05/sports/olympics/ioc-russia-winter-olympics.html?smid=tw-nytimes&smtyp=cur&_r=0,2017-12-05T00:00:00+00:21,https://www.reddit.com/r/worldnews/comments/7hrpl4/russia_banned_from_2018_winter_olympics_for_doping/
2022,Cancer ¡®vaccine¡¯ eliminates tumors in mice.,TRUE,['https://sciencecue.it/wp-content/uploads/2018/02/levy.jpg'],https://med.stanford.edu/news/all-news/2018/01/cancer-vaccine-eliminates-tumors-in-mice.html,2018-01-31T00:00:00+00:22,https://www.reddit.com/r/worldnews/comments/7ug4pb/cancer_vaccine_eliminates_tumors_in_mice_90_of_90/
2023,Tesla Turns Power Back On At Children's Hospital In Puerto Rico.,TRUE,['https://media.npr.org/assets/img/2017/10/25/tesla_puerto-rico-1_wide-80b8c58fcb42facd2e1cd4dc34821353aefa2e02-s1600-c85.jpg'],https://www.npr.org/sections/thetwo-way/2017/10/25/560045944/tesla-turns-power-back-on-at-childrens-hospital-in-puerto-rico?utm_source=twitter.com&utm_campaign=npr&utm_medium=social&utm_term=nprnews?utm_source=twitter.com&utm_campaign=npr&utm_medium=social&utm_term=nprnews,2017-10-25T00:00:00+00:23,https://www.reddit.com/r/worldnews/comments/78pzs4/tesla_turns_power_back_on_at_childrens_hospital/
2024,Chocolate giant Mars pledges $1 billion to fight climate change.,TRUE,['http://static6.uk.businessinsider.com/image/59aec09b7e189d21008b54a4/were-trying-to-go-all-in-chocolate-giant-mars-pledges-1-billion-to-fight-climate-change.jpg'],https://www.businessinsider.com/mars-climate-change-investment-global-warming-sustainability-plan-greenhouse-gas-2017-9?r=US&IR=T&utm_source=reddit.com,2017-09-06T00:00:00+00:24,https://www.reddit.com/r/worldnews/comments/6ye3eb/were_trying_to_go_all_in_chocolate_giant_mars/
2025,Trump officially quits the UN Human Rights Council,TRUE,['https://www.tyden.cz/obrazek/201806/5b2a24fee646c/crop-1543251-nikki-hally_200x135.jpg'],https://thinkprogress.org/u-s-leaves-the-u-n-human-rights-council-2bf690606819/,2018-06-19T00:00:00+00:25,https://www.reddit.com/r/worldnews/comments/8sckc6/the_us_has_officially_quit_the_un_human_rights/
2026,"Coca-Cola sucks wells dry in Chiapas, forcing residents to buy water.",TRUE,['https://www.salon.com/2017/09/16/coca-cola-sucks-wells-dry-in-chiapas-forcing-residents-to-buy-water_partner/'],https://www.salon.com/2017/09/16/coca-cola-sucks-wells-dry-in-chiapas-forcing-residents-to-buy-water_partner/,2017-09-16T00:00:00+00:26,https://www.reddit.com/r/worldnews/comments/70nqpr/cocacola_sucks_wells_dry_in_chiapas_forcing/
2027,"Nestl¨¦, Hershey and Mars 'breaking promises over palm oil use' .",TRUE,['https://i.guim.co.uk/img/media/361586fa8e75190bf1844ae799e4bed2c522635e/0_0_3000_2000/master/3000.jpg?w=700&q=55&auto=format&usm=12&fit=max&s=122637ebf68b343e7fb776f404892dc0'],https://www.theguardian.com/environment/2017/oct/27/nestle-mars-and-hershey-breaking-promises-over-palm-oil-use-say-campaigners,2017-10-28T00:00:00+00:27,https://www.reddit.com/r/worldnews/comments/79650a/nestl¨¦_mars_and_hershey_breaking_promises_over/
2028,Drone saves two Australian swimmers in world first.,TRUE,['https://www.macitynet.it/wp-content/uploads/2018/01/drone-salvavita-1.jpg'],https://www.bbc.com/news/world-australia-42731112,2018-07-20T00:00:00+00:28,https://www.reddit.com/r/worldnews/comments/7r8yw4/two_teenage_boys_were_rescued_by_a_brand_new/
2029,Chile to be the first American country to ban plastic bags in coastal cities.,TRUE,['https://pbs.twimg.com/media/Dg1ecEJW0AAx5oM.jpg'],https://www.biobiochile.cl/noticias/internacional/america-latina/2017/09/21/chile-to-be-the-first-american-country-to-ban-plastic-bags-in-coastal-cities.shtml,2017-09-2120T00:00:00+00:29,https://www.reddit.com/r/worldnews/comments/71kf0n/chile_to_be_the_first_american_country_to_ban/
2030,Australia plans random drug tests for people receiving welfare.,TRUE,['https://pbs.twimg.com/media/DIa0huZUIAAXfcx.jpg'],https://www.newscientist.com/article/2145603-australia-plans-random-drug-tests-for-people-receiving-welfare/,2017-08-29T00:00:00+00:30,https://www.reddit.com/r/worldnews/comments/7lngvw/japanese_women_are_breaking_their_silence_about/
2031,Mysterious object confirmed to be from another solar system.,TRUE,['http://www.diena.lt/sites/default/files/Vilniausdiena/Vartotoju%20zona/eglmor/afp_v6532.jpg'],https://www.theguardian.com/science/across-the-universe/2017/nov/20/interstellar-object-confirmed-to-be-from-another-solar-system,2017-11-20T00:00:00+00:31,https://www.reddit.com/r/worldnews/comments/7ee4yd/interstellar_object_confirmed_to_be_from_another/
2032,Medical marijuana has NO public health risks and should not be withheld from patients.,TRUE,['http://www.slgwitness.com/wp-content/uploads/2018/01/Medical-Marijuana.jpg'],http://www.dailymail.co.uk/health/article-5175825/Medical-marijuana-NO-public-health-risks-declares.html,2018-07-20T00:00:00+00:32,https://www.reddit.com/r/worldnews/comments/74ffj5/japanese_woman_dies_from_overwork_after_logging/
2033,Mysterious object confirmed to be from another solar system ,TRUE,['http://www.diena.lt/sites/default/files/Vilniausdiena/Vartotoju%20zona/eglmor/afp_v6532.jpg'],https://www.theguardian.com/science/across-the-universe/2017/nov/20/interstellar-object-confirmed-to-be-from-another-solar-system,2017-10-20T00:00:00+00:33,https://www.reddit.com/r/worldnews/comments/7ee4yd/interstellar_object_confirmed_to_be_from_another/
2034,"In historic first, sitting US and North Korean leaders meet face-to-face.",TRUE,['https://i.ytimg.com/vi/dhrahF6DyBU/maxresdefault.jpg'],https://www.cnbc.com/2018/06/11/donald-trump-and-kim-jong-un-meet-at-historic-summit-in-singapore.html,2018-06-11T00:00:00+00:34,https://www.reddit.com/r/worldnews/comments/8qerwy/in_historic_first_sitting_us_and_north_korean/
2035,Nestl¨¦ is extracting water from Canadian towns on expired permits,TRUE,['http://atinsa.com.do/wp-content/uploads/2017/11/EMBOTELLADO-Atinsa-min.jpg'],https://news.vice.com/en_ca/article/595wy5/nestle-is-extracting-water-from-canadian-towns-on-expired-permits,2017-10-19T00:00:00+00:35,https://www.reddit.com/r/worldnews/comments/77ila4/nestl¨¦_is_extracting_water_from_canadian_towns_on/
2036,"Vancouver Aquarium will no longer keep whales, dolphins in captivity",TRUE,['https://www.theglobeandmail.com/resizer/tksSX0tACBjt-o_9ajwjNUBH-c0=/2048x0/filters:quality(80)/arc-anglerfish-tgam-prod-tgam.s3.amazonaws.com/public/NNHBH2X4BBCD3FD5DYFFSOGVI4.JPG'],http://www.cbc.ca/news/canada/british-columbia/vancouver-aquarium-will-no-longer-keep-whales-dolphins-in-captivity-1.4492316,2018-01-18T00:00:00+00:36,https://www.reddit.com/r/worldnews/comments/7rgxwe/vancouver_aquarium_will_no_longer_keep_whales_and/
2037,"Vaccinations Drop in Europe, and the Result Was Over 21,000 Cases of Measles.",TRUE,"['https://i.kinja-img.com/gawker-media/image/upload/s--ew7-r8jU--/c_fill,f_auto,fl_progressive,g_north,h_264,q_80,w_470/u1lrdwbulduntlasi2sf.jpg']",https://gizmodo.com/vaccinations-drop-in-europe-and-the-result-was-over-21-1823294450,2018-02-24T00:00:00+00:37,https://www.reddit.com/r/worldnews/comments/805dck/vaccinations_drop_in_europe_and_the_result_was/
2038,Elon Musk's Falcon Heavy rocket launches successfully,TRUE,['https://malangtoday.net/wp-content/uploads/2018/02/Mobil-Tesla-Roadster-saat-menuju-orbit-Planet-Mars.jpg'],https://www.bbc.co.uk/news/science-environment-42969020,2018-02-07T00:00:00+00:38,https://www.reddit.com/r/worldnews/comments/7vqgon/elon_musks_falcon_rocket_launches_successfully/
2039,Fishing boat caught with illegal 18-mile-long nets: 'A risk to almost all marine life',TRUE,['https://static.independent.co.uk/s3fs-public/thumbnails/image/2018/04/09/14/antarctic-toothfish.jpg'],https://www.independent.co.uk/news/world/asia/fishing-boat-illegal-nets-captured-indonesia-weh-aceh-sts50-cod-fishing-a8295971.html?utm_source=reddit.com,2018-04-09T00:00:00+00:39,https://www.reddit.com/r/worldnews/comments/8b6lg4/fishing_boat_caught_with_illegal_18milelong_nets/
2040,Miners who boasted about killing uncontacted Amazon tribe members now under investigation,TRUE,['https://i.cbc.ca/1.4284705.1505163828!/fileImage/httpImage/image.jpg_gen/derivatives/16x9_780/uncontacted-amazon-tribe.jpg'],http://www.cbc.ca/radio/asithappens/as-it-happens-monday-edition-1.4283875/miners-who-bragged-about-killing-uncontacted-amazon-tribe-members-now-under-investigation-1.4284677,2017-09-12T00:00:00+00:40,https://www.reddit.com/r/worldnews/comments/6zq3vy/miners_who_bragged_about_killing_uncontacted/
2041,Greece has declared a state of emergency over deadly forest fires,TRUE,['https://i.redditmedia.com/xz8HCyA8vUClpcqEzuvF4_VOKnLcg-nUUP_opOW7ExQ.jpg?s=203894fb5bca41909e3cb42ef37c5357'],https://www.businessinsider.com/forest-fires-greece-state-of-emergency-international-aid-2018-7?utm_source=reddit.com&r=UK&IR=T,2018-07-23T00:00:00+00:41,https://www.reddit.com/r/worldnews/comments/91cljk/greece_declares_state_of_emergency_asks_for/
2042,"A student found an ancient Canadian village that¡¯s 10,000 years older than the Pyramids",TRUE,['https://i.ytimg.com/vi/Bc3gNXIHOSw/maxresdefault.jpg'],https://www.businessinsider.com/ancient-canadian-village-older-than-pyramids-2017-9?utm_source=reddit.com,2017-09-05T00:00:00+00:42,https://www.reddit.com/r/worldnews/comments/6y9g67/a_student_found_an_ancient_canadian_village_thats/
2043,"Gunmen in Egypt mosque attack carried IS flag, prosecutor says ",TRUE,['https://img.rasset.ie/000f0348-1600.jpg'],https://www.rte.ie/news/2017/1125/922731-egypt-strikes-against-militants-who-attacked-mosque/,2017-11-26T00:00:00+00:43,https://www.reddit.com/r/worldnews/comments/7feict/death_toll_in_egypt_mosque_attack_rises_to_305/
2044,Emmanuel Macron says the world is losing the fight against climate change: 'We're not moving quick enough',TRUE,['https://static.independent.co.uk/s3fs-public/thumbnails/image/2017/12/12/16/emmanuel-macron.jpg'],https://www.independent.co.uk/news/world/europe/macron-climate-change-paris-summit-trump-world-losing-a8106081.html?utm_source=reddit.com,2017-12-12T00:00:00+00:44,https://www.reddit.com/r/worldnews/comments/7jd23w/emmanuel_macron_says_the_world_is_losing_the/
2045,Arnaud Beltrame: France lauds policeman who swapped with hostage.,TRUE,['https://ichef.bbci.co.uk/news/1024/branded_thai/6667/production/_100551262_829071a1-7d66-45f3-b3a7-b4f72479d7a5.jpg'],https://www.bbc.co.uk/news/world-europe-43525267,2018-03-24T00:00:00+00:45,https://www.reddit.com/r/worldnews/comments/86r24m/french_police_hero_dies_of_wounds/
2046,"FIFA awards 2026 World Cup to Canada, the U.S., and Mexico.",TRUE,['https://cdn.vox-cdn.com/uploads/chorus_image/image/60045809/usa_today_10004857.0.jpg'],https://www.wakingthered.com/2018/6/13/17457256/fifa-awards-2026-world-cup-to-united-bid-canada-usa-mexico?utm_campaign=wakingthered&utm_content=chorus&utm_medium=social&utm_source=twitter,2018-06-13T00:00:00+00:46,https://www.reddit.com/r/worldnews/comments/8qrhgh/the_united_states_canada_and_mexico_have_won/
2047,'It's never been this extreme': Arctic warmer than Europe,TRUE,['http://dp.vgc.no/drpublish/images/article/2018/02/26/24271460/1/990/2598064.jpg'],https://www.smh.com.au/world/europe/it-s-never-been-this-extreme-arctic-warmer-than-europe-20180227-p4z1vm.html,2018-02-27T00:00:00+00:47,https://www.reddit.com/r/worldnews/comments/80h6ib/its_never_been_this_extreme_arctic_warmer_than/
2048,Medical use of cannabis officially legal in Poland.,TRUE,['http://cdn.cogecolive.com/prod-20180515/generic_1526394395742827_ori.jpeg'],"http://www.thenews.pl/1/9/Artykul/333153,Medical-use-of-cannabis-officially-legal-in-Poland",2017-11-02T00:00:00+00:48,https://www.reddit.com/r/worldnews/comments/7ab8ti/poland_has_legalized_medical_marijuana/
2049,Decline in plastic bags on seabed suggests measures to tackle waste are working,TRUE,['https://pbs.twimg.com/media/DaAxN3tWsAAL1D4.jpg'],https://www.independent.co.uk/environment/plastic-bag-uk-seas-seabed-waste-pollution-ocean-reduce-environment-a8288526.html?utm_source=reddit.com,2018-04-05T00:00:00+00:49,https://www.reddit.com/r/worldnews/comments/89vau9/the_number_of_plastic_bags_found_on_the_seabed/
2050,Tesla starts shipping Powerpacks to help Puerto Rico hospitals and medical centers get stable power.,TRUE,['https://electrek.co/wp-content/uploads/sites/3/2017/06/2120x1192-kiuc-powerpack-angled-e1501596195215.png?w=1600'],https://electrek.co/2017/10/15/tesla-powerpacks-puerto-rico/#disqus_thread,2017-10-15T00:00:00+00:50,https://www.reddit.com/r/worldnews/comments/76lj39/tesla_starts_shipping_powerpacks_to_help_puerto/
2051,Tens of thousands protest in Spain over gang rape acquittal.,TRUE,['https://images.sudouest.fr/2018/04/28/5ae4532e66a4bd301a3ab276/widescreen/1000x500/un-vif-debat-s-est-ouvert-en-espagne-des-manifestations-ont-eu-lieu.jpg?v1'],http://www.france24.com/en/20180428-tens-thousands-protest-spain-over-gang-rape-acquittal,2018-04-28T00:00:00+00:51,https://www.reddit.com/r/worldnews/comments/8flegq/tens_of_thousands_of_people_took_to_the_streets/
2052,Medical Engineers Have Built A EpiPen Replacement That Costs $16 A Shot.,TRUE,['https://i2.wp.com/eatatefood.com/wp-content/uploads/2018/04/shutterstock_670983964-1.jpg?resize=2048%2C1360&ssl=1'],http://www.iflscience.com/health-and-medicine/medical-engineers-have-built-a-epipen-replacement-that-costs-16-a-shot/,2018-05-09T00:00:00+00:52,https://www.reddit.com/r/worldnews/comments/8mj6el/medical_engineers_have_built_a_epipen_replacement/
2053,Brazil abolishes huge Amazon reserve in 'biggest attack' in 50 years ,TRUE,['https://www.ilsalto.net/wp-content/uploads/2017/09/renca-2-1.jpg'],https://www.theguardian.com/environment/2017/aug/24/brazil-abolishes-huge-amazon-reserve-in-biggest-attack-in-50-years?CMP=Share_AndroidApp_New_Post,2017-08-24T00:00:00+00:53,https://www.reddit.com/r/worldnews/comments/6vxd0w/brazil_abolishes_huge_amazon_reserve_in_biggest/
2054,Scientists discover 91 volcanoes below Antarctic ice sheet.,TRUE,['http://image.ourclipart.com/914/9148759/pinakamalaking-bulkan-sa-buong-mundo.jpg'],https://www.theguardian.com/world/2017/aug/12/scientists-discover-91-volcanos-antarctica,2017-08-12T00:00:00+00:54,https://www.reddit.com/r/worldnews/comments/6tbjtc/scientists_discover_91_volcanoes_below_antarctic/
2055,"Family forced to pay extra $4,000 for new tickets after Air Canada bars them from flight",TRUE,['https://i.cbc.ca/1.4281003.1504895307!/fileImage/httpImage/image.jpg_gen/derivatives/16x9_780/shanty-thivakaran-thiva-maheswaran-air-canada.jpg'],http://www.cbc.ca/news/business/air-canada-family-flight-tickets-1.4280985,2017-09-10T00:00:00+00:55,https://www.reddit.com/r/worldnews/comments/6z7tjz/family_forced_to_pay_extra_4000_for_new_tickets/
2056,"After 37 years, Voyager 1 has fired up its trajectory thrusters",TRUE,['https://img.purch.com/h/1000/aHR0cDovL3d3dy5zcGFjZS5jb20vaW1hZ2VzL2kvMDAwLzA3Mi8yMTcvb3JpZ2luYWwvdm95YWdlci0xLWFydGlzdC1pbGx1c3RyYXRpb24uanBn'],https://arstechnica.com/science/2017/12/after-37-years-voyager-has-fired-up-its-trajectory-thrusters/,2017-12-01T00:00:00+00:56,https://www.reddit.com/r/worldnews/comments/7gy98z/after_37_years_voyager_1_has_fired_up_its/
2057,240-year-old nautical maps show coral loss is much worse than we knew,TRUE,['https://www.washingtonpost.com/resizer/WHgy34OTquRRvoLFSHeINYqOy8w=/1024x0/arc-anglerfish-washpost-prod-washpost.s3.amazonaws.com/public/KAZ3YKCHCYZZXKJRIDQIZQAT7E.jpg'],https://www.washingtonpost.com/news/speaking-of-science/wp/2017/09/06/240-year-old-nautical-maps-show-coral-loss-is-much-worse-than-we-knew/?utm_source=reddit.com&utm_term=.e40b7fdc2b25,2017-09-06T00:00:00+00:57,https://www.reddit.com/r/worldnews/comments/70mggo/240yearold_nautical_maps_show_coral_loss_is_much/
2058,Mumbai bans plastic bags and bottles.,TRUE,['https://dantricdn.com/thumb_w/640/2018/6/26/10-15300294652241832003935.jpg'],https://www.theguardian.com/world/2018/jun/25/mumbai-india-bans-plastic-bags-and-bottles,2018-06-25T00:00:00+00:58,https://www.reddit.com/r/worldnews/comments/8tpn0z/mumbai_has_the_become_the_largest_indian_city_to/
2059,361 golden retrievers gather in Scottish village to mark dog breed's 150th anniversary,TRUE,['https://www.straitstimes.com/sites/default/files/styles/retina_large/public/articles/2018/07/23/hzdogs0723.jpg?itok=b_ckE3oP'],https://www.straitstimes.com/world/europe/361-golden-retrievers-gather-in-scottish-village-to-mark-dog-breeds-150th-anniversary,2018-07-23T00:00:00+00:59,https://www.reddit.com/r/news/comments/9158hq/361_golden_retrievers_gather_in_scottish_village/
2060,"Attacker in Toronto rampage that killed 2, injured 13 is identified.",TRUE,['https://im.mtv.fi/image/7003532/landscape16_9/1600/900/a7767c65ed4f322efb1746bfdff49ce/eZ/toronto-ampuminen-2.jpg'],https://edition.cnn.com/2018/07/22/americas/toronto-restaurant-shooting/index.html,2018-07-23T00:00:00+00:60,https://www.reddit.com/r/news/comments/914ozy/at_least_14_people_shot_in_toronto_and_shooter_is/
2061,"Greece finds 'Neko', a noblewoman buried in her jewelry 1,800 years ago.",TRUE,['http://www.pagenews.gr/wp-content/uploads/2018/07/TAFOS20.png'],https://www.reuters.com/article/us-greece-archaeology-grave/greece-finds-neko-a-noblewoman-buried-in-her-jewelry-1800-years-ago-idUSKBN1KD1M9?feedType=RSS&feedName=scienceNews&utm_source=reddit.com,2018-07-23T00:00:00+00:61,https://www.reddit.com/r/news/comments/917289/greece_finds_neko_a_noblewoman_buried_in_her/
2062,Couple unexpectedly delivers baby in Texas Chick-fil-A; restaurant gifts her free food for life,TRUE,['https://cbsnews3.cbsistatic.com/hub/i/r/2018/07/20/0caafccc-921e-4707-b32c-f0bf6b1e8153/crop/2560x1438+0+0/resize/620x/81a3b9351a37f761c4b0a6789c3d1709/chick-fil-a-baby.jpg'],https://www.cbsnews.com/news/chick-fil-a-baby-born-in-texas-restaurant-bathroom/,2018-07-20T00:00:00+00:62,https://www.cbsnews.com/news/chick-fil-a-baby-born-in-texas-restaurant-bathroom/
2063,"Explosion at US embassy in Beijing, China",TRUE,['https://www.tribuna.com.mx/__export/1532614626779/sites/tribuna/img/2018/07/26/artefacto_embajada.jpg_554688468.jpg'],https://www.news.com.au/world/asia/witnesses-report-huge-blast-at-us-embassy-in-beijing/news-story/be92bccda3b5364cc9d26719c7cac101,2018-07-26T00:00:00+00:63,https://www.reddit.com/r/news/comments/91zqg9/explosion_at_us_embassy_in_beijing_china/
2064,Americans can legally download 3-D printed guns starting next month.,TRUE,['https://www.bright.nl/sites/default/files/styles/liggend/public/content/images/2018/07/18/Defense-Distributed-The-Liberator_1.jpg?itok=E6-1xxnf'],https://www.cnn.com/2018/07/19/us/3d-printed-gun-settlement-trnd/index.html,2018-07-20T00:00:00+00:64,https://www.reddit.com/r/news/comments/90behx/americans_will_soon_be_able_to_legally_download/
2065,Airlines crack down on emotional support animals in plane cabins,TRUE,['https://s.abcnews.com/images/US/therapy-animals-03-bunny-abc-jc-180725_hpMain_4x3_992.jpg'],https://abcnews.go.com/US/airlines-crack-emotional-support-animals-plane-cabins/story?id=56791124,2018-07-25T00:00:00+00:65,https://www.reddit.com/r/news/comments/91vy80/airlines_crack_down_on_emotional_support_animals/
2066,Gunmen in South Africa ambush taxi drivers; 11 killed.,TRUE,['https://s.yimg.com/uu/api/res/1.2/6nYH92qDVo5LVYuFXnyQ4Q--~B/aD0yNDI0O3c9MzYwMDtzbT0xO2FwcGlkPXl0YWNoeW9u/http://media.zenfs.com/en_us/News/ap_webfeeds/6e5c6418f59e4e00bf334cdde5d9eadb.jpg'],https://apnews.com/bcae84fb6b3548cea33518d30bfa0185/Gunmen-in-South-Africa-ambush-taxi-drivers;-11-killed,2018-07-22T00:00:00+00:66,https://www.reddit.com/r/news/comments/90wmul/gunmen_in_south_africa_ambush_taxi_drivers_11/
2067,Construction on Rome¡¯s Newest Subway Line Is Revealing a Trove of Ancient Treasures,TRUE,['https://static.independent.co.uk/s3fs-public/thumbnails/image/2018/03/20/13/ancient-roman-domus.jpg'],https://www.smithsonianmag.com/smart-news/construction-romes-newest-subway-line-revealing-trove-ancient-treasures-180969729/,2018-07-24T00:00:00+00:67,https://www.reddit.com/r/news/comments/91w4g1/construction_on_romes_newest_subway_line_is/
2068,NASA prepares to fly probe into Sun's scorching atmosphere,TRUE,['https://images.firstpost.com/wp-content/uploads/2018/07/NASA-Probe-1280.jpg'],https://www.reuters.com/article/us-space-sun/nasa-prepares-to-fly-probe-into-suns-scorching-atmosphere-idUSKBN1KA2SL?feedType=RSS&feedName=scienceNews&utm_source=reddit.com,2018-07-20T00:00:00+00:68,https://www.reddit.com/r/news/comments/90k4vn/nasa_prepares_to_fly_probe_into_suns_scorching/
2069,Hawaii becomes 1st state to ban sunscreens deemed harmful to coral reefs,TRUE,['https://accuweather.brightspotcdn.com/dims4/default/300a0a6/2147483647/resize/590x/quality/90/?url=http%3A%2F%2Faccuweather-bsp.s3.amazonaws.com%2F9f%2F5d%2F8a5bc88e4a42bc6ea28d3e6177f3%2Fhawaii-sunscreen-ban-7-3-18.jpg'],https://www.accuweather.com/en/weather-news/hawaii-governor-signs-bill-making-hawaii-the-1st-state-to-ban-sunscreens-that-harm-coral-reefs/70005401,2018-07-06T00:00:00+00:91,https://www.reddit.com/r/news/comments/8wpy2a/hawaii_becomes_1st_state_to_ban_sunscreens_deemed/
2070,California to become first U.S. state mandating solar on new homes,TRUE,['https://www.ocregister.com/wp-content/uploads/2018/05/0506_nws_ocr-l-solarmandate-0506-01-wl.jpg?w=929'],https://www.ocregister.com/2018/05/04/california-to-become-first-u-s-state-mandating-solar-on-new-homes/,2018-05-07T00:00:00+00:92,https://www.reddit.com/r/news/comments/8h0duv/california_to_become_first_us_state_mandating/
2071,Active shooter at Mandalay Bay Casino in Las Vegas,TRUE,['https://media1.s-nbcnews.com/j/newscms/2017_40/2174611/171002-vegas-shooting-mc-746_3_47b59f9593322ee1117001fbdaa04761.fit-2000w.JPG'],https://www.nbcnews.com/storyline/las-vegas-shooting/las-vegas-police-investigating-shooting-mandalay-bay-n806461,2017-10-02T00:00:00+00:93,https://www.reddit.com/r/news/comments/73r0uu/active_shooter_at_mandalay_bay_casino_in_las_vegas/
2072,Net neutrality protesters take to the streets,TRUE,['https://c-6rtwjumjzx7877x24hsjy6x2ehgx78nx78yfynhx2ehtr.g00.cnet.com/g00/3_c-6bbb.hsjy.htr_/c-6RTWJUMJZX77x24myyux78x3ax2fx2fhsjy6.hgx78nx78yfynh.htrx2fnrlx2fwI6ihPKglAbj9NJ9bDCvTgdih79x3dx2f7562x2f67x2f52x2f2jk9gi2f-02k9-9kh0-gf83-6ggkk31k7696x2f587-sdh-sjy-sjzywfqnyd-uwtyjx78y-ajwnets-mv-ijh-2-7562.oulx3fn65h.rfwpx3dnrflj_$/$/$/$/$/$/$/$'],https://www.cnet.com/news/net-neutrality-protesters-take-to-the-streets/?utm_source=reddit.com,2017-12-07T00:00:00+00:94,https://www.reddit.com/r/news/comments/7ib4bo/net_neutrality_protesters_take_to_the_streets/
2073,Korea leaders release joint statement declaring there will be no more war on the Korean Peninsula,TRUE,['https://fm.cnbc.com/applications/cnbc.com/resources/img/editorial/2018/04/27/105164865-korea_leaders_peace.530x298.jpg?v=1524833268'],https://www.cnbc.com/2018/04/27/korean-leaders-release-statement-promising-to-eliminate-risk-of-war.html,2018-04-27T00:00:00+00:95,https://www.reddit.com/r/news/comments/8fa8yc/korea_leaders_release_joint_statement_declaring/
2074,"Nestle has been bottling and selling water it has no right to in drought-stricken California, state says",TRUE,['https://static.independent.co.uk/s3fs-public/thumbnails/image/2017/12/27/18/water-protest.jpg?w968h681'],https://www.independent.co.uk/news/world/americas/nestle-water-selling-diverting-bottled-arrowhead-san-bernardino-forest-california-a8130686.html?utm_source=reddit.com,2017-12-27T00:00:00+00:96,https://www.reddit.com/r/news/comments/7mm5pd/nestle_has_been_bottling_and_selling_water_it_has/
2075,"Terry Crews Testifies Before Senate On Sexual Assault, Says He Won¡¯t Be In ¡®Expendables 4¡¯ After Producer Threatened ¡°Trouble¡±",TRUE,['https://pmcdeadline2.files.wordpress.com/2018/06/terry-crews.jpg?w=892&h=598&crop=1'],https://deadline.com/2018/06/terry-crews-senate-testimony-sexual-assault-expendables-4-threatened-trouble-1202417462/,2018-06-26T00:00:00+00:97,https://www.reddit.com/r/news/comments/8u3dh8/terry_crews_testifies_before_senate_on_sexual/
2076,Boy who suffered up to 100 seizures a day has none in 300 days after being prescribed cannabis oil,TRUE,['https://static.independent.co.uk/s3fs-public/thumbnails/image/2017/05/01/10/billy-caldwellcrop.jpg?w968h681'],https://www.independent.co.uk/news/uk/home-news/billy-caldwell-cannabis-oil-boy-seizures-stopped-cured-prescription-medical-marijuana-a7933066.html,2017-09-06T00:00:00+00:98,https://www.reddit.com/r/news/comments/6yp82o/boy_who_suffered_up_to_100_seizures_a_day_has/
2077,F.C.C. Repeals Net Neutrality Rules,TRUE,['https://static01.nyt.com/images/2017/12/17/business/15NETVOTE2/merlin_131286365_4b8e35f3-0c1e-42e9-be51-a01c779456f7-superJumbo.jpg?quality=90&auto=webp'],https://www.nytimes.com/2017/12/14/technology/net-neutrality-repeal-vote.html,2017-11-21T00:00:00+00:98,https://www.reddit.com/r/news/comments/7jtexm/net_neutrality_overturned/
2078,"Farmers must stop antibiotics use in animals due to human health risk, warns WHO ",TRUE,['https://i.guim.co.uk/img/media/5b9689839aaac05cdba67975c8e0256257c28a20/0_464_5315_3190/master/5315.jpg?w=700&q=55&auto=format&usm=12&fit=max&s=20094e7d2f67e68377364e570de98846'],https://www.theguardian.com/environment/2017/nov/07/farmers-must-stop-antibiotics-use-in-animals-due-to-human-health-risk-warns-who,2017-11-07T00:00:00+00:78,https://www.reddit.com/r/worldnews/comments/7bfxb5/farmers_must_stop_antibiotics_use_in_animals_due/
2079,Famous gorilla Koko who could do sign language has died at the age of 46,TRUE,['https://img.gazeta.ru/files3/83/11810083/19600104_baf_k09_2459-pic4_zoom-1500x1500-40527.jpg'],https://metro.co.uk/2018/06/21/famous-gorilla-koko-sign-language-died-age-46-7648488/,2018-06-21T00:00:00+00:79,https://www.reddit.com/r/worldnews/comments/8ssdjw/famous_gorilla_koko_who_could_do_sign_language/